"DESCRIPTION","DURATION IN MS","NAME","PARENT SUITE","START TIME","STATUS","STOP TIME","SUB SUITE","SUITE","TEST CLASS","TEST METHOD"
"","3241","switching to German changes the document language","qavant.dev UI suite","Sun Sep 27 12:52:54 UTC 2026","passed","Sun Sep 27 12:52:57 UTC 2026","dev.qavant.tests.I18nTests","qavant.dev — Selenium 4 / Page Object Model","dev.qavant.tests.I18nTests","switchToGerman"
"","3154","required fields are enforced via HTML5 validation","qavant.dev UI suite","Sun Sep 27 12:53:05 UTC 2026","passed","Sun Sep 27 12:53:08 UTC 2026","dev.qavant.tests.ContactFormTests","qavant.dev — Selenium 4 / Page Object Model","dev.qavant.tests.ContactFormTests","requiredFieldsPresent"
"","3321","language choice is persisted to localStorage","qavant.dev UI suite","Sun Sep 27 12:52:50 UTC 2026","passed","Sun Sep 27 12:52:54 UTC 2026","dev.qavant.tests.I18nTests","qavant.dev — Selenium 4 / Page Object Model","dev.qavant.tests.I18nTests","languagePersists"
"","3174","primary navigation exposes in-page anchors","qavant.dev UI suite","Sun Sep 27 12:52:43 UTC 2026","passed","Sun Sep 27 12:52:46 UTC 2026","dev.qavant.tests.SmokeTests","qavant.dev — Selenium 4 / Page Object Model","dev.qavant.tests.SmokeTests","navHasAnchors"
"","3907","live metrics widget renders all three cards","qavant.dev UI suite","Sun Sep 27 12:52:39 UTC 2026","passed","Sun Sep 27 12:52:43 UTC 2026","dev.qavant.tests.SmokeTests","qavant.dev — Selenium 4 / Page Object Model","dev.qavant.tests.SmokeTests","metricsWidgetHasThreeCards"
"","3145","contact form is a POST form discoverable by Netlify","qavant.dev UI suite","Sun Sep 27 12:52:58 UTC 2026","passed","Sun Sep 27 12:53:01 UTC 2026","dev.qavant.tests.ContactFormTests","qavant.dev — Selenium 4 / Page Object Model","dev.qavant.tests.ContactFormTests","formIsNetlifyPost"
"","3645","ISTQB badge is a verifiable link to the official register","qavant.dev UI suite","Sun Sep 27 12:53:08 UTC 2026","passed","Sun Sep 27 12:53:12 UTC 2026","dev.qavant.tests.CertBadgeTests","qavant.dev — Selenium 4 / Page Object Model","dev.qavant.tests.CertBadgeTests","badgeLinksToRegister"
"","3161","active language button matches the document language on first visit","qavant.dev UI suite","Sun Sep 27 12:52:47 UTC 2026","passed","Sun Sep 27 12:52:50 UTC 2026","dev.qavant.tests.I18nTests","qavant.dev — Selenium 4 / Page Object Model","dev.qavant.tests.I18nTests","activeLanguageIsConsistent"
"","3197","home page loads with the right title","qavant.dev UI suite","Sun Sep 27 12:52:35 UTC 2026","passed","Sun Sep 27 12:52:38 UTC 2026","dev.qavant.tests.SmokeTests","qavant.dev — Selenium 4 / Page Object Model","dev.qavant.tests.SmokeTests","homePageLoads"
"","3822","hero headline is visible","qavant.dev UI suite","Sun Sep 27 12:52:31 UTC 2026","passed","Sun Sep 27 12:52:35 UTC 2026","dev.qavant.tests.SmokeTests","qavant.dev — Selenium 4 / Page Object Model","dev.qavant.tests.SmokeTests","heroIsVisible"
"","3091","honeypot field exists but is hidden from real users","qavant.dev UI suite","Sun Sep 27 12:53:01 UTC 2026","passed","Sun Sep 27 12:53:04 UTC 2026","dev.qavant.tests.ContactFormTests","qavant.dev — Selenium 4 / Page Object Model","dev.qavant.tests.ContactFormTests","honeypotIsHidden"
